"Class"	"Field"	"PageTitle"	"Description"	"HelpPage"	"Confidence"	"VerifiedAgainst"	"PageSha256"
"CmPossibility"	"Abbreviation"	"Abbreviation field (Text Constituents Chart Templates)"	"This field stores the abbreviation of the current named list item."	"User_Interface/Field_Descriptions/Lists/Text_Chart_Temp_fields/abbreviation_field_tctemp.htm"	"class-generic"	"HelpTopicPaths.resx has 21 per-list keys for this one field (ProdRestrictEdit, confidenceEdit, statusEdit, genresEdit, ...) and no canonical one, because the field is CmPossibility's, shared by 13 descendant lists (ADR 0023 decision 2/4). All 38 Abbreviation pages under Field_Descriptions were read: every one says ""the abbreviation of the name of the current <this list's item>"", and this page is the one whose wording carries no list-specific noun"	"sha256:1253aac9d68996c8bd93e7876aa18e29c55edb02227183819b0a4825b305c6ac"
"FsFeatDefn"	"Abbreviation"	"Abbreviation field (Features)"	"This field stores an abbreviation of the name of the feature or complex feature."	"User_Interface/Field_Descriptions/Grammar/Inflection_Features_fields/abbreviation_field_feature_features.htm"	"found-by-search"	"no HelpTopicPaths.resx key exists for this class; page title ""Abbreviation field (Features)"" and its own subheading ""Abbreviation field - Inflection Feature"" name the feature-definition field, matching the harvested label ""Abbreviation"" on the MorphologyParts.xml slice FsFeatDefn-Detail-AbbreviationAllA. The parallel Phonological_Features page says the same thing for the same class in the phonology tool"	"sha256:4fb16df7c45c62e3eeb7e9937d64b7c8c669d4f3b06658941376df5fdb786f5a"
"FsFeatStrucType"	"Abbreviation"	"Abbreviation field (Feature Types)"	"This field stores the abbreviation of the current named feature type."	"User_Interface/Field_Descriptions/Lists/Feature_Types_fields/abbreviation_field_feature_types.htm"	"exact"	"HelpTopicPaths.resx:680, khtpField-FsFeatStrucType-Abbreviation; page title ""Abbreviation field (Feature Types)"" and the Feature Types list is FsFeatStrucType"	"sha256:33e836171773ad87379779885dee136d78ae8463e9a6b7ce8a893a5748ff174c"
"FsSymFeatVal"	"Abbreviation"	"Abbreviation field (Value - Features)"	"Each Abbreviation field stores the abbreviation of one value name."	"User_Interface/Field_Descriptions/Grammar/Inflection_Features_fields/Abbr_field_value_features.htm"	"renamed-path"	"HelpTopicPaths.resx:671, khtpField-FsSymFeatVal-Abbreviation, points at Grammar/Features_fields/abbreviation_field_value_features.htm, which the shipped help tree no longer contains — the directory is now Inflection_Features_fields and the file Abbr_field_value_features.htm. Matched on title, ""Abbreviation field (Value - Features)"", whose text (""stores the abbreviation of one value name"") is the symbolic feature value's abbreviation"	"sha256:3f495b55d0324ca4303acb4194d1cd331b172045e062e3fbdedba9c54cb7b323"
"LexEtymology"	"Form"	"Source Form (Etymology)"	"This field stores the etymon or proto form. It is the form, borrowed or inherited, from which the headword (lexeme or citation form) was derived. It may have Greek or Romanized forms."	"User_Interface/Field_Descriptions/Lexicon/Lexicon_Edit_fields/Entry_level_fields/Source_Form_Etymology.htm"	"exact"	"HelpTopicPaths.resx:440, khtpField-SourceForm (not class-qualified); page full name ""Source Form"" matches this field's harvested label exactly, and the page places the field in the Etymology field set"	"sha256:bb02cd3e7b0b31cdaa09cd8f26e9fe10f51798dcfe603670c98b8d72c0dbdf43"
"LexEtymology"	"Gloss"	"Gloss field (Etymology)"	"This field stores the gloss of the form in the Source Form field."	"User_Interface/Field_Descriptions/Lexicon/Lexicon_Edit_fields/Entry_level_fields/Gloss_field_Etymology.htm"	"exact"	"HelpTopicPaths.resx:314, khtpField-LexEtymology-Gloss; the page's own text ties it to the Source Form field, which is LexEtymology.Form"	"sha256:71f443db19e97f74116c99d3953d7b9dbb69170c4c1d133d83e5da29be0eb6f2"
"MoInflAffMsa"	"Slots"	"Slots field (Lexicon Edit)"	"This field references and displays the Slot Name of one or more affix slots for the associated category. When you add an inflectional affix to a slot in an affix template table in Category Edit (Grammar), that slot will appear in this field."	"User_Interface/Field_Descriptions/Lexicon/Lexicon_Edit_fields/Grammatical_Info_Details_fields/Slots_field.htm"	"exact"	"HelpTopicPaths.resx:488, khtpField-MoInflAffMsa-Slots; page full name ""Slots"" matches the harvested label, and the page describes the Grammatical Info Details level where this class's slices live"	"sha256:6bdb129292696c967045639ffe7557ba4905dad3c30947556c775ab86bfbf36d"
"ReversalIndexEntry"	"PartOfSpeech"	"Reversal Category field"	"This field references and displays the name of a grammatical category from a Reversal Index Categories list, which indicates the grammatical category of the Form field content."	"User_Interface/Field_Descriptions/Lexicon/Reversal_Indexes_fields/category_field.htm"	"exact"	"HelpTopicPaths.resx:500, khtpField-ReversalIndexEntry-PartOfSpeech; page full name ""Reversal Category"" matches this field's harvested label exactly"	"sha256:83944cb6c90497d6bb0763ac1a57737455a3627178e0301bf5f59f923d9bb163"
"ReversalIndexEntry"	"Senses"	"Referenced Senses field"	"This field references one or more lexical senses or subsenses, and displays content from the following fields:"	"User_Interface/Field_Descriptions/Lexicon/Reversal_Indexes_fields/senses_field.htm"	"exact"	"HelpTopicPaths.resx:506, khtpField-ReversalIndexEntry-ReferringSenses — a key name the model does not use. Confirmed by label rather than by name: the page's full name is ""Referenced Senses"", which is exactly this field's harvested label (ReversalParts.xml, part ReversalIndexEntry-Detail-CurrentSenses)"	"sha256:42061933c9682fd37e322e232b324afd8ff575ccf304ccc1c793ed48cb933bde"
