"HcConstruct"	"LoaderMethod"	"Line"	"Field"	"Kinds"	"InScopeClasses"
"(orchestration)"	"Load"	"90"	"Abbreviation"	"basic"	"CmPossibility|CmPossibilityList|FsFeatDefn|FsFeatStrucType|FsSymFeatVal|MoGlossItem|MoInflClass|MoStemName|MoStratum|PhNaturalClass"
"(orchestration)"	"Load"	"92"	"MorphologicalData"	"owning"	"LangProject"
"(orchestration)"	"Load"	"89"	"NaturalClasses"	"owning"	"PhPhonData"
"(orchestration)"	"Load"	"92"	"ParserParameters"	"basic"	"MoMorphData"
"(orchestration)"	"Load"	"85"	"PhonologicalData"	"owning"	"LangProject"
"(orchestration)"	"Load"	"90"	"Text"	""	""
"(orchestration)"	"LoadLanguage"	"172"	"Abbreviation"	"basic"	"CmPossibility|CmPossibilityList|FsFeatDefn|FsFeatStrucType|FsSymFeatVal|MoGlossItem|MoInflClass|MoStemName|MoStratum|PhNaturalClass"
"(orchestration)"	"LoadLanguage"	"299"	"AffixTemplates"	"owning"	"PartOfSpeech"
"(orchestration)"	"LoadLanguage"	"263"	"AlternateForms"	"owning"	"LexEntry"
"(orchestration)"	"LoadLanguage"	"235"	"CompoundRules"	"owning"	"MoMorphData"
"(orchestration)"	"LoadLanguage"	"241"	"Disabled"	"basic"	"MoAdhocProhib|MoCompoundRule|MoInflAffixTemplate|PhSegmentRule"
"(orchestration)"	"LoadLanguage"	"256"	"Entries"	"owning"	"ReversalIndex"
"(orchestration)"	"LoadLanguage"	"342"	"FirstAllomorph"	"rel"	"MoAlloAdhocProhib"
"(orchestration)"	"LoadLanguage"	"348"	"FirstMorpheme"	"rel"	"MoMorphAdhocProhib"
"(orchestration)"	"LoadLanguage"	"173"	"InflectionClasses"	"owning|rel"	"MoAffixForm|PartOfSpeech"
"(orchestration)"	"LoadLanguage"	"256"	"LexDb"	"owning"	"LangProject"
"(orchestration)"	"LoadLanguage"	"263"	"LexemeForm"	"owning"	"LexEntry"
"(orchestration)"	"LoadLanguage"	"180"	"MorphologicalData"	"owning"	"LangProject"
"(orchestration)"	"LoadLanguage"	"270"	"MorphType"	"rel"	"MoForm"
"(orchestration)"	"LoadLanguage"	"196"	"MsFeatureSystem"	"owning"	"LangProject"
"(orchestration)"	"LoadLanguage"	"201"	"NaturalClasses"	"owning"	"PhPhonData"
"(orchestration)"	"LoadLanguage"	"198"	"PhFeatureSystem"	"owning"	"LangProject"
"(orchestration)"	"LoadLanguage"	"204"	"PhonemeSets"	"owning"	"PhPhonData"
"(orchestration)"	"LoadLanguage"	"204"	"PhonologicalData"	"owning"	"LangProject"
"(orchestration)"	"LoadLanguage"	"302"	"PhonRules"	"owning"	"PhPhonData"
"(orchestration)"	"LoadLanguage"	"297"	"PrefixSlots"	"rel"	"MoInflAffixTemplate"
"(orchestration)"	"LoadLanguage"	"180"	"ProdRestrict"	"owning|rel"	"MoMorphData|MoStemMsa"
"(orchestration)"	"LoadLanguage"	"210"	"Regions"	"owning"	"MoStemName"
"(orchestration)"	"LoadLanguage"	"342"	"RestOfAllos"	"rel"	"MoAlloAdhocProhib"
"(orchestration)"	"LoadLanguage"	"348"	"RestOfMorphs"	"rel"	"MoMorphAdhocProhib"
"(orchestration)"	"LoadLanguage"	"308"	"RightHandSides"	"owning"	"PhRegularRule"
"(orchestration)"	"LoadLanguage"	"223"	"StemNames"	"owning"	"MoInflClass|PartOfSpeech"
"(orchestration)"	"LoadLanguage"	"228"	"Strata"	"owning"	"MoMorphData"
"(orchestration)"	"LoadLanguage"	"308"	"StrucChange"	"basic|owning"	"PhMetathesisRule|PhSegRuleRHS"
"(orchestration)"	"LoadLanguage"	"308"	"StrucDesc"	"owning"	"PhSegmentRule"
"(orchestration)"	"LoadLanguage"	"297"	"SuffixSlots"	"rel"	"MoInflAffixTemplate"
"(orchestration)"	"LoadLanguage"	"172"	"Text"	""	""
"(orchestration)"	"LoadLanguage"	"339"	"Values"	"owning"	"FsClosedFeature"
"(other)"	"(top)"	"10"	"Annotations"	"owning"	"LangProject"
"(other)"	"(top)"	"21"	"Text"	""	""
"(other)"	"AddEntry"	"683"	"Allomorphs"	"rel"	"MoAlloAdhocProhib"
"(other)"	"AddEntry"	"685"	"Entries"	"owning"	"ReversalIndex"
"(other)"	"GetGloss"	"913"	"Gloss"	"basic"	"LexEtymology|LexSense"
"(other)"	"GetGloss"	"913"	"Text"	""	""
"(other)"	"GetInflTypes"	"659"	"VariantEntryTypes"	"owning|rel"	"LexDb|LexEntryRef"
"(other)"	"GetPOSSlot"	"1763"	"Text"	""	""
"(other)"	"GetVariables"	"2770"	"Feature"	"rel"	"FsFeatureSpecification|PhFeatureConstraint"
"(other)"	"HasValidRuleForm"	"522"	"AlternateForms"	"owning"	"LexEntry"
"(other)"	"HasValidRuleForm"	"519"	"LexemeForm"	"owning"	"LexEntry"
"(other)"	"HasValidRuleForm"	"524"	"MorphType"	"rel"	"MoForm"
"(other)"	"IsValidRuleForm"	"542"	"Form"	"basic"	"LexEtymology|LexPronunciation|MoForm"
"(other)"	"IsValidRuleForm"	"540"	"Input"	"owning"	"MoAffixProcess|MoReferralRule"
"(other)"	"IsValidRuleForm"	"543"	"IsAbstract"	"basic"	"MoForm"
"(other)"	"IsValidRuleForm"	"546"	"MorphType"	"rel"	"MoForm"
"(other)"	"IsValidRuleForm"	"540"	"Output"	"owning"	"MoAffixProcess|MoReferralRule"
"(other)"	"IsValidRuleForm"	"559"	"PhoneEnv"	"rel"	"MoAffixAllomorph|MoStemAllomorph"
"(other)"	"IsValidRuleForm"	"564"	"Position"	"rel"	"MoAffixAllomorph"
"(other)"	"IsValidRuleForm"	"559"	"StringRepresentation"	"basic"	"PhEnvironment"
"(other)"	"IsValidRuleForm"	"542"	"Text"	""	""
"(other)"	"IsWordBoundary"	"2494"	"FeatureStructure"	"rel"	"PhSimpleContextBdry|PhSimpleContextNC|PhSimpleContextSeg"
"(other)"	"IsWordFinal"	"2483"	"Members"	"owning|rel"	"LexRefType|MoAdhocProhibGr|PhSequenceContext"
"(other)"	"IsWordInitial"	"2468"	"Members"	"owning|rel"	"LexRefType|MoAdhocProhibGr|PhSequenceContext"
"(other)"	"LoadAllPartsOfSpeech"	"2588"	"SubPossibilities"	"owning"	"CmPossibility"
"(other)"	"MoveRule"	"491"	"AffixTemplates"	"owning"	"PartOfSpeech"
"(other)"	"MoveRule"	"488"	"Entries"	"owning"	"ReversalIndex"
"(other)"	"TemplateSlotOutOfScope"	"1747"	"Text"	""	""
"affixProcessRule"	"AddMorphologicalRule"	"918"	"Allomorphs"	"rel"	"MoAlloAdhocProhib"
"affixProcessRule"	"LoadAffixProcessAllomorph"	"1395"	"Codes"	"owning"	"PhTerminalUnit"
"affixProcessRule"	"LoadAffixProcessAllomorph"	"1370"	"Content"	"rel"	"MoCopyFromInput|MoInsertNC|MoInsertPhones|MoModifyFromInput"
"affixProcessRule"	"LoadAffixProcessAllomorph"	"1338"	"Input"	"owning"	"MoAffixProcess|MoReferralRule"
"affixProcessRule"	"LoadAffixProcessAllomorph"	"1411"	"Modification"	"rel"	"MoModifyFromInput"
"affixProcessRule"	"LoadAffixProcessAllomorph"	"1423"	"MorphType"	"rel"	"MoForm"
"affixProcessRule"	"LoadAffixProcessAllomorph"	"1364"	"Output"	"owning"	"MoAffixProcess|MoReferralRule"
"affixProcessRule"	"LoadAffixProcessAllomorph"	"1428"	"Prefix"	"basic"	"MoMorphType"
"affixProcessRule"	"LoadAffixProcessAllomorph"	"1397"	"Representation"	"basic"	"PhCode"
"affixProcessRule"	"LoadAffixProcessAllomorph"	"1397"	"Text"	""	""
"affixProcessRule"	"LoadAffixProcessAllomorphs"	"1057"	"InflectionClasses"	"owning|rel"	"MoAffixForm|PartOfSpeech"
"affixProcessRule"	"LoadAffixProcessAllomorphs"	"1051"	"LexemeForm"	"owning"	"LexEntry"
"affixProcessRule"	"LoadAffixProcessAllomorphs"	"1053"	"MorphType"	"rel"	"MoForm"
"affixProcessRule"	"LoadAffixProcessAllomorphs"	"1125"	"MsEnvFeatures"	"owning"	"MoAffixAllomorph"
"affixProcessRule"	"LoadAffixProcessAllomorphs"	"1074"	"Position"	"rel"	"MoAffixAllomorph"
"affixProcessRule"	"LoadCircumfixAffixProcessAllomorph"	"1322"	"Environments"	"owning"	"PhPhonData"
"affixProcessRule"	"LoadCircumfixAffixProcessAllomorph"	"1309"	"Form"	"basic"	"LexEtymology|LexPronunciation|MoForm"
"affixProcessRule"	"LoadCircumfixAffixProcessAllomorph"	"1317"	"StringRepresentation"	"basic"	"PhEnvironment"
"affixProcessRule"	"LoadCircumfixAffixProcessAllomorph"	"1309"	"Text"	""	""
"affixProcessRule"	"LoadCliticAffixProcessRule"	"1043"	"Allomorphs"	"rel"	"MoAlloAdhocProhib"
"affixProcessRule"	"LoadCliticAffixProcessRule"	"1035"	"FromPartsOfSpeech"	"rel"	"MoStemMsa"
"affixProcessRule"	"LoadDerivAffixProcessRule"	"970"	"Allomorphs"	"rel"	"MoAlloAdhocProhib"
"affixProcessRule"	"LoadDerivAffixProcessRule"	"947"	"FromInflectionClass"	"rel"	"MoDerivAffMsa"
"affixProcessRule"	"LoadDerivAffixProcessRule"	"933"	"FromMsFeatures"	"owning"	"MoDerivAffMsa"
"affixProcessRule"	"LoadDerivAffixProcessRule"	"931"	"FromPartOfSpeech"	"rel"	"MoDerivAffMsa"
"affixProcessRule"	"LoadDerivAffixProcessRule"	"950"	"FromProdRestrict"	"rel"	"MoDerivAffMsa|MoInflAffMsa"
"affixProcessRule"	"LoadDerivAffixProcessRule"	"961"	"FromStemName"	"rel"	"MoDerivAffMsa"
"affixProcessRule"	"LoadDerivAffixProcessRule"	"954"	"ToInflectionClass"	"rel"	"MoDerivAffMsa"
"affixProcessRule"	"LoadDerivAffixProcessRule"	"941"	"ToMsFeatures"	"owning"	"MoDerivAffMsa"
"affixProcessRule"	"LoadDerivAffixProcessRule"	"939"	"ToPartOfSpeech"	"rel"	"MoDerivAffMsa"
"affixProcessRule"	"LoadDerivAffixProcessRule"	"957"	"ToProdRestrict"	"rel"	"MoCompoundRule|MoDerivAffMsa"
"affixProcessRule"	"LoadFormAffixProcessAllomorph"	"1577"	"Environments"	"owning"	"PhPhonData"
"affixProcessRule"	"LoadFormAffixProcessAllomorph"	"1444"	"Form"	"basic"	"LexEtymology|LexPronunciation|MoForm"
"affixProcessRule"	"LoadFormAffixProcessAllomorph"	"1464"	"MorphType"	"rel"	"MoForm"
"affixProcessRule"	"LoadFormAffixProcessAllomorph"	"1467"	"Prefix"	"basic"	"MoMorphType"
"affixProcessRule"	"LoadFormAffixProcessAllomorph"	"1577"	"StringRepresentation"	"basic"	"PhEnvironment"
"affixProcessRule"	"LoadFormAffixProcessAllomorph"	"1444"	"Text"	""	""
"affixProcessRule"	"LoadInflAffixProcessRule"	"1002"	"Allomorphs"	"rel"	"MoAlloAdhocProhib"
"affixProcessRule"	"LoadInflAffixProcessRule"	"994"	"FromProdRestrict"	"rel"	"MoDerivAffMsa|MoInflAffMsa"
"affixProcessRule"	"LoadInflAffixProcessRule"	"988"	"InflFeats"	"owning"	"LexEntryInflType|MoInflAffMsa"
"affixProcessRule"	"LoadInflAffixProcessRule"	"986"	"PartOfSpeech"	"rel"	"MoInflAffMsa|MoStemMsa|MoUnclassifiedAffixMsa|ReversalIndexEntry"
"affixProcessRule"	"LoadInflAffixProcessRule"	"982"	"Slots"	"rel"	"LexEntryInflType|MoInflAffixTemplate|MoInflAffMsa|MoStemMsa"
"affixProcessRule"	"LoadMorphologicalRule"	"905"	"Gloss"	"basic"	"LexEtymology|LexSense"
"affixProcessRule"	"LoadMorphologicalRule"	"889"	"Slots"	"rel"	"LexEntryInflType|MoInflAffixTemplate|MoInflAffMsa|MoStemMsa"
"affixProcessRule"	"LoadMorphologicalRules"	"856"	"ComponentLexemes"	"rel"	"LexEntryRef"
"affixProcessRule"	"LoadMorphologicalRules"	"854"	"EntryRefs"	"owning"	"LexEntry"
"affixProcessRule"	"LoadMorphologicalRules"	"861"	"MorphoSyntaxAnalyses"	"owning"	"LexEntry"
"affixProcessRule"	"LoadMorphologicalRules"	"867"	"MorphoSyntaxAnalysis"	"rel"	"LexSense"
"affixProcessRule"	"LoadMorphologicalRules"	"852"	"Senses"	"owning|rel"	"LexEntry|LexSense|ReversalIndexEntry"
"affixProcessRule"	"LoadNullAffixProcessRule"	"1798"	"Allomorphs"	"rel"	"MoAlloAdhocProhib"
"affixProcessRule"	"LoadNullAffixProcessRule"	"1776"	"InflFeats"	"owning"	"LexEntryInflType|MoInflAffMsa"
"affixProcessRule"	"LoadNullAffixProcessRule"	"1790"	"PrefixSlots"	"rel"	"MoInflAffixTemplate"
"affixProcessRule"	"LoadUnclassifiedAffixProcessRule"	"1025"	"Allomorphs"	"rel"	"MoAlloAdhocProhib"
"affixProcessRule"	"LoadUnclassifiedAffixProcessRule"	"1017"	"PartOfSpeech"	"rel"	"MoInflAffMsa|MoStemMsa|MoUnclassifiedAffixMsa|ReversalIndexEntry"
"affixTemplate"	"LoadAffixTemplate"	"1693"	"Abbreviation"	"basic"	"CmPossibility|CmPossibilityList|FsFeatDefn|FsFeatStrucType|FsSymFeatVal|MoGlossItem|MoInflClass|MoStemName|MoStratum|PhNaturalClass"
"affixTemplate"	"LoadAffixTemplate"	"1716"	"Allomorphs"	"rel"	"MoAlloAdhocProhib"
"affixTemplate"	"LoadAffixTemplate"	"1678"	"Final"	"basic"	"MoInflAffixTemplate"
"affixTemplate"	"LoadAffixTemplate"	"1727"	"Optional"	"basic"	"MoInflAffixSlot"
"affixTemplate"	"LoadAffixTemplate"	"1731"	"Slots"	"rel"	"LexEntryInflType|MoInflAffixTemplate|MoInflAffMsa|MoStemMsa"
"affixTemplate"	"LoadAffixTemplate"	"1677"	"Text"	""	""
"allomorph"	"GetAffixAllomorphEnvironments"	"1169"	"PhoneEnv"	"rel"	"MoAffixAllomorph|MoStemAllomorph"
"allomorph"	"GetAffixAllomorphEnvironments"	"1169"	"Position"	"rel"	"MoAffixAllomorph"
"allomorph"	"GetStemAllomorphEnvironments"	"1174"	"PhoneEnv"	"rel"	"MoAffixAllomorph|MoStemAllomorph"
"allomorph"	"LoadRootAllomorph"	"821"	"Environments"	"owning"	"PhPhonData"
"allomorph"	"LoadRootAllomorph"	"811"	"Form"	"basic"	"LexEtymology|LexPronunciation|MoForm"
"allomorph"	"LoadRootAllomorph"	"835"	"MorphType"	"rel"	"MoForm"
"allomorph"	"LoadRootAllomorph"	"815"	"PhoneEnv"	"rel"	"MoAffixAllomorph|MoStemAllomorph"
"allomorph"	"LoadRootAllomorph"	"832"	"StemName"	"rel"	"MoStemAllomorph"
"allomorph"	"LoadRootAllomorph"	"818"	"StringRepresentation"	"basic"	"PhEnvironment"
"allomorph"	"LoadRootAllomorph"	"811"	"Text"	""	""
"characterDefinitionTable"	"LoadCharacterDefinitionTable"	"2698"	"BoundaryMarkers"	"owning"	"PhPhonemeSet"
"characterDefinitionTable"	"LoadCharacterDefinitionTable"	"2678"	"Codes"	"owning"	"PhTerminalUnit"
"characterDefinitionTable"	"LoadCharacterDefinitionTable"	"2675"	"Features"	"owning|rel"	"FsFeatStrucType|FsFeatureSystem|PhNCFeatures|PhPhoneme"
"characterDefinitionTable"	"LoadCharacterDefinitionTable"	"2675"	"FeatureSpecs"	"owning"	"FsFeatStruc"
"characterDefinitionTable"	"LoadCharacterDefinitionTable"	"2732"	"NaturalClasses"	"owning"	"PhPhonData"
"characterDefinitionTable"	"LoadCharacterDefinitionTable"	"2672"	"Phonemes"	"owning|rel"	"MoStratum|PhPhonemeSet"
"characterDefinitionTable"	"LoadCharacterDefinitionTable"	"2679"	"Representation"	"basic"	"PhCode"
"characterDefinitionTable"	"LoadCharacterDefinitionTable"	"2671"	"Text"	""	""
"compoundingRule"	"LoadEndoCompoundingRule"	"1848"	"HeadLast"	"basic"	"MoEndoCompound"
"compoundingRule"	"LoadEndoCompoundingRule"	"1900"	"InflectionClass"	"rel"	"MoStemMsa"
"compoundingRule"	"LoadEndoCompoundingRule"	"1852"	"LeftMsa"	"owning"	"MoBinaryCompoundRule"
"compoundingRule"	"LoadEndoCompoundingRule"	"1874"	"OverridingMsa"	"owning"	"MoEndoCompound"
"compoundingRule"	"LoadEndoCompoundingRule"	"1850"	"PartOfSpeech"	"rel"	"MoInflAffMsa|MoStemMsa|MoUnclassifiedAffixMsa|ReversalIndexEntry"
"compoundingRule"	"LoadEndoCompoundingRule"	"1854"	"ProdRestrict"	"owning|rel"	"MoMorphData|MoStemMsa"
"compoundingRule"	"LoadEndoCompoundingRule"	"1850"	"RightMsa"	"owning"	"MoBinaryCompoundRule"
"compoundingRule"	"LoadEndoCompoundingRule"	"1885"	"Text"	""	""
"compoundingRule"	"LoadExoCompoundingRule"	"1961"	"InflectionClass"	"rel"	"MoStemMsa"
"compoundingRule"	"LoadExoCompoundingRule"	"1929"	"LeftMsa"	"owning"	"MoBinaryCompoundRule"
"compoundingRule"	"LoadExoCompoundingRule"	"1925"	"PartOfSpeech"	"rel"	"MoInflAffMsa|MoStemMsa|MoUnclassifiedAffixMsa|ReversalIndexEntry"
"compoundingRule"	"LoadExoCompoundingRule"	"1938"	"ProdRestrict"	"owning|rel"	"MoMorphData|MoStemMsa"
"compoundingRule"	"LoadExoCompoundingRule"	"1925"	"RightMsa"	"owning"	"MoBinaryCompoundRule"
"compoundingRule"	"LoadExoCompoundingRule"	"1950"	"Text"	""	""
"compoundingRule"	"LoadExoCompoundingRule"	"1933"	"ToMsa"	"owning"	"MoExoCompound"
"coOccurrenceRule"	"LoadAllomorphCoOccurrenceRules"	"2178"	"Adjacency"	"basic"	"MoAdhocProhib"
"coOccurrenceRule"	"LoadAllomorphCoOccurrenceRules"	"2166"	"FirstAllomorph"	"rel"	"MoAlloAdhocProhib"
"coOccurrenceRule"	"LoadAllomorphCoOccurrenceRules"	"2169"	"RestOfAllos"	"rel"	"MoAlloAdhocProhib"
"coOccurrenceRule"	"LoadMorphemeCoOccurrenceRules"	"2228"	"Adjacency"	"basic"	"MoAdhocProhib"
"coOccurrenceRule"	"LoadMorphemeCoOccurrenceRules"	"2216"	"FirstMorpheme"	"rel"	"MoMorphAdhocProhib"
"coOccurrenceRule"	"LoadMorphemeCoOccurrenceRules"	"2219"	"RestOfMorphs"	"rel"	"MoMorphAdhocProhib"
"featureSystem"	"LoadFeatureStruct"	"2512"	"Feature"	"rel"	"FsFeatureSpecification|PhFeatureConstraint"
"featureSystem"	"LoadFeatureStruct"	"2505"	"FeatureSpecs"	"owning"	"FsFeatStruc"
"featureSystem"	"LoadFeatureSystem"	"2658"	"Abbreviation"	"basic"	"CmPossibility|CmPossibilityList|FsFeatDefn|FsFeatStrucType|FsSymFeatVal|MoGlossItem|MoInflClass|MoStemName|MoStratum|PhNaturalClass"
"featureSystem"	"LoadFeatureSystem"	"2652"	"Features"	"owning|rel"	"FsFeatStrucType|FsFeatureSystem|PhNCFeatures|PhPhoneme"
"featureSystem"	"LoadFeatureSystem"	"2658"	"Text"	""	""
"featureSystem"	"LoadFeatureSystem"	"2658"	"Values"	"owning"	"FsClosedFeature"
"lexEntry"	"IsValidLexEntryForm"	"584"	"Form"	"basic"	"LexEtymology|LexPronunciation|MoForm"
"lexEntry"	"IsValidLexEntryForm"	"585"	"IsAbstract"	"basic"	"MoForm"
"lexEntry"	"IsValidLexEntryForm"	"588"	"MorphType"	"rel"	"MoForm"
"lexEntry"	"IsValidLexEntryForm"	"584"	"Text"	""	""
"lexEntry"	"LoadLexEntries"	"634"	"ComponentLexemes"	"rel"	"LexEntryRef"
"lexEntry"	"LoadLexEntries"	"630"	"EntryRefs"	"owning"	"LexEntry"
"lexEntry"	"LoadLexEntries"	"639"	"MorphoSyntaxAnalyses"	"owning"	"LexEntry"
"lexEntry"	"LoadLexEntries"	"645"	"MorphoSyntaxAnalysis"	"rel"	"LexSense"
"lexEntry"	"LoadLexEntries"	"628"	"Senses"	"owning|rel"	"LexEntry|LexSense|ReversalIndexEntry"
"lexEntry"	"LoadLexEntry"	"721"	"Allomorphs"	"rel"	"MoAlloAdhocProhib"
"lexEntry"	"LoadLexEntry"	"702"	"Gloss"	"basic"	"LexEtymology|LexSense"
"lexEntry"	"LoadLexEntry"	"709"	"MsFeatures"	"owning"	"MoStemMsa"
"lexEntry"	"LoadLexEntry"	"705"	"PartOfSpeech"	"rel"	"MoInflAffMsa|MoStemMsa|MoUnclassifiedAffixMsa|ReversalIndexEntry"
"lexEntry"	"LoadLexEntry"	"726"	"Position"	"rel"	"MoAffixAllomorph"
"lexEntry"	"LoadLexEntry"	"699"	"ProdRestrict"	"owning|rel"	"MoMorphData|MoStemMsa"
"lexEntry"	"LoadLexEntryOfVariant"	"797"	"Allomorphs"	"rel"	"MoAlloAdhocProhib"
"lexEntry"	"LoadLexEntryOfVariant"	"762"	"Gloss"	"basic"	"LexEtymology|LexSense"
"lexEntry"	"LoadLexEntryOfVariant"	"758"	"GlossAppend"	"basic"	"LexEntryInflType"
"lexEntry"	"LoadLexEntryOfVariant"	"751"	"GlossPrepend"	"basic"	"LexEntryInflType"
"lexEntry"	"LoadLexEntryOfVariant"	"774"	"InflFeats"	"owning"	"LexEntryInflType|MoInflAffMsa"
"lexEntry"	"LoadLexEntryOfVariant"	"770"	"MsFeatures"	"owning"	"MoStemMsa"
"lexEntry"	"LoadLexEntryOfVariant"	"765"	"PartOfSpeech"	"rel"	"MoInflAffMsa|MoStemMsa|MoUnclassifiedAffixMsa|ReversalIndexEntry"
"lexEntry"	"LoadLexEntryOfVariant"	"802"	"Position"	"rel"	"MoAffixAllomorph"
"lexEntry"	"LoadLexEntryOfVariant"	"741"	"ProdRestrict"	"owning|rel"	"MoMorphData|MoStemMsa"
"lexEntry"	"LoadLexEntryOfVariant"	"751"	"Text"	""	""
"metathesisRule"	"LoadMetathesisRule"	"2107"	"Direction"	"basic"	"PhSegmentRule"
"metathesisRule"	"LoadMetathesisRule"	"2115"	"RightToLeft"	"basic"	"StText"
"metathesisRule"	"LoadMetathesisRule"	"2126"	"StrucDesc"	"owning"	"PhSegmentRule"
"metathesisRule"	"LoadMetathesisRule"	"2105"	"Text"	""	""
"mprFeature"	"GetDefaultInflClass"	"2638"	"DefaultInflectionClass"	"rel"	"PartOfSpeech"
"mprFeature"	"GetInflClass"	"2627"	"InflectionClass"	"rel"	"MoStemMsa"
"mprFeature"	"GetInflClass"	"2629"	"PartOfSpeech"	"rel"	"MoInflAffMsa|MoStemMsa|MoUnclassifiedAffixMsa|ReversalIndexEntry"
"mprFeature"	"LoadAllInflClasses"	"2596"	"Subclasses"	"owning"	"MoInflClass"
"mprFeature"	"LoadInflClassMprFeature"	"513"	"Subclasses"	"owning"	"MoInflClass"
"naturalClass"	"TryLoadNaturalClass"	"2825"	"Abbreviation"	"basic"	"CmPossibility|CmPossibilityList|FsFeatDefn|FsFeatStrucType|FsSymFeatVal|MoGlossItem|MoInflClass|MoStemName|MoStratum|PhNaturalClass"
"naturalClass"	"TryLoadNaturalClass"	"2822"	"Features"	"owning|rel"	"FsFeatStrucType|FsFeatureSystem|PhNCFeatures|PhPhoneme"
"naturalClass"	"TryLoadNaturalClass"	"2803"	"Segments"	"rel"	"PhNCSegments"
"naturalClass"	"TryLoadNaturalClass"	"2825"	"Text"	""	""
"rewriteRule"	"LoadRewriteRule"	"2015"	"Direction"	"basic"	"PhSegmentRule"
"rewriteRule"	"LoadRewriteRule"	"2058"	"ExclRuleFeats"	"rel"	"PhSegRuleRHS"
"rewriteRule"	"LoadRewriteRule"	"2052"	"InputPOSes"	"rel"	"PhSegRuleRHS"
"rewriteRule"	"LoadRewriteRule"	"2073"	"LeftContext"	"owning|rel"	"PhEnvironment|PhSegRuleRHS"
"rewriteRule"	"LoadRewriteRule"	"2057"	"ReqRuleFeats"	"rel"	"PhSegRuleRHS"
"rewriteRule"	"LoadRewriteRule"	"2085"	"RightContext"	"owning|rel"	"PhEnvironment|PhSegRuleRHS"
"rewriteRule"	"LoadRewriteRule"	"2047"	"RightHandSides"	"owning"	"PhRegularRule"
"rewriteRule"	"LoadRewriteRule"	"2023"	"RightToLeft"	"basic"	"StText"
"rewriteRule"	"LoadRewriteRule"	"2060"	"StrucChange"	"basic|owning"	"PhMetathesisRule|PhSegRuleRHS"
"rewriteRule"	"LoadRewriteRule"	"2033"	"StrucDesc"	"owning"	"PhSegmentRule"
"rewriteRule"	"LoadRewriteRule"	"2013"	"Text"	""	""
"ruleContextOrEnvironment"	"GetValidEnvironments"	"1184"	"StringRepresentation"	"basic"	"PhEnvironment"
"ruleContextOrEnvironment"	"GetValidEnvironments"	"1184"	"Text"	""	""
"ruleContextOrEnvironment"	"LoadPatternNode"	"2350"	"FeatureStructure"	"rel"	"PhSimpleContextBdry|PhSimpleContextNC|PhSimpleContextSeg"
"ruleContextOrEnvironment"	"LoadPatternNode"	"2343"	"Maximum"	"basic"	"PhIterationContext"
"ruleContextOrEnvironment"	"LoadPatternNode"	"2341"	"Member"	"rel"	"PhIterationContext"
"ruleContextOrEnvironment"	"LoadPatternNode"	"2325"	"Members"	"owning|rel"	"LexRefType|MoAdhocProhibGr|PhSequenceContext"
"ruleContextOrEnvironment"	"LoadPatternNode"	"2343"	"Minimum"	"basic"	"PhIterationContext"
"ruleContextOrEnvironment"	"SplitEnvironment"	"2264"	"StringRepresentation"	"basic"	"PhEnvironment"
"ruleContextOrEnvironment"	"SplitEnvironment"	"2264"	"Text"	""	""
"ruleContextOrEnvironment"	"TryLoadSimpleContext"	"2747"	"FeatureStructure"	"rel"	"PhSimpleContextBdry|PhSimpleContextNC|PhSimpleContextSeg"
"ruleContextOrEnvironment"	"TryLoadSimpleContext"	"2761"	"MinusConstr"	"rel"	"PhSimpleContextNC"
"ruleContextOrEnvironment"	"TryLoadSimpleContext"	"2760"	"PlusConstr"	"rel"	"PhSimpleContextNC"
"stratum"	"CreateStrata"	"448"	"AffixTemplates"	"owning"	"PartOfSpeech"
"stratum"	"CreateStrata"	"465"	"Entries"	"owning"	"ReversalIndex"
"stratum"	"CreateStrata"	"376"	"Strata"	"owning"	"MoMorphData"
