"Class"	"Field"	"Card"	"ComparisonClass"	"Statement"	"MatchedTerms"	"Source"	"SourceDetail"	"SourceHash"
"CmPossibility"	"SubPossibilities"	"seq"	"positional"	""	""	""	""	""
"CmPossibilityList"	"Possibilities"	"seq"	"positional"	""	""	""	""	""
"FsFeatStrucType"	"Features"	"seq"	"positional"	"The order of features will be used in the Gloss Assistant system to put feature values in the correct glossing order. For example, the user may want the FsFeatStrucType of TAM (tense aspect modality) to be ordered Aspect, Modality and Tense."	"order ordered"	"liblcm/MasterLCModel.xml"	"line 1416, <rel id=""Features""> under <class id=""FsFeatStrucType"">"	"sha256:4f8622f7e4ce736df45302a5aba45ca3fe64c9c41ee8318b96714b54d896b2f2"
"LexEntry"	"AlternateForms"	"seq"	"feeding"	""	""	""	""	""
"LexEntry"	"DialectLabels"	"seq"	"positional"	""	""	""	""	""
"LexEntry"	"EntryRefs"	"seq"	"positional"	"One variant entry could apply to more than one main entry, so each one could have a separate LexEntryRef. Some may want to order multiple entries in a particular way, so we have a sequence instead of a collection."	"apply order sequence"	"liblcm/MasterLCModel.xml"	"line 2662, <owning id=""EntryRefs""> under <class id=""LexEntry"">"	"sha256:6d0f21c55c9060501a2d27a11b103c1dd712a07a345f0671330b92528193c689"
"LexEntry"	"Etymology"	"seq"	"positional"	""	""	""	""	""
"LexEntry"	"MainEntriesOrSenses"	"seq"	"positional"	""	""	""	""	""
"LexEntry"	"Pronunciations"	"seq"	"positional"	"Some people may want to order these based on frequency of use, so it is a sequence instead of a collection."	"order sequence"	"liblcm/MasterLCModel.xml"	"line 2647, <owning id=""Pronunciations""> under <class id=""LexEntry"">"	"sha256:4cd96d5e8dd175c5093f39e1006694b00d82150205fd4a24a2f89114d90d42f5"
"LexEntry"	"Senses"	"seq"	"positional"	""	""	""	""	""
"LexEntryRef"	"ComplexEntryTypes"	"seq"	"positional"	""	""	""	""	""
"LexEntryRef"	"ComponentLexemes"	"seq"	"positional"	"The UI limits this to a sequence of LexEntry or LexSense. For complex entries, this property lists the components for this idiom, derivation, compound, etc. All of the listed components will be displayed in the subentry following the headword."	"sequence following"	"liblcm/MasterLCModel.xml"	"line 5007, <rel id=""ComponentLexemes""> under <class id=""LexEntryRef"">"	"sha256:b913a1d2217eb56b7bf2bf0854efb358618e5d5f26baba6b895fa6831f9e1507"
"LexEntryRef"	"PrimaryLexemes"	"seq"	"positional"	"The UI limits this to a sequence of LexEntry or LexSense."	"sequence"	"liblcm/MasterLCModel.xml"	"line 5001, <rel id=""PrimaryLexemes""> under <class id=""LexEntryRef"">"	"sha256:c2e847ce70f8b7da2657f32c51d9322dc6bb467fc3c863605d01781a8795663a"
"LexEntryRef"	"ShowComplexFormsIn"	"seq"	"positional"	"The UI limits this to a sequence of LexEntry or LexSense."	"sequence"	"liblcm/MasterLCModel.xml"	"line 5029, <rel id=""ShowComplexFormsIn""> under <class id=""LexEntryRef"">"	"sha256:c2e847ce70f8b7da2657f32c51d9322dc6bb467fc3c863605d01781a8795663a"
"LexEntryRef"	"VariantEntryTypes"	"seq"	"positional"	"Entries using VariantEntryTypes will be displayed as minor entries in the dictionary; usually following the main entry headword and will typically produce a separate minor entry in the dictionary referring to the main entry. This is a sequence because some minor entries can have more than one relationship to the same main entry."	"following sequence"	"liblcm/MasterLCModel.xml"	"line 4991, <rel id=""VariantEntryTypes""> under <class id=""LexEntryRef"">"	"sha256:f30af36a2c56490a0c12694e45988a2fa5e959f7449ac2afbad5c3f9e17218b5"
"LexEtymology"	"Language"	"seq"	"positional"	""	""	""	""	""
"LexExtendedNote"	"Examples"	"seq"	"positional"	""	""	""	""	""
"LexPronunciation"	"MediaFiles"	"seq"	"positional"	""	""	""	""	""
"LexReference"	"Targets"	"seq"	"positional"	""	""	""	""	""
"LexSense"	"DialectLabels"	"seq"	"positional"	""	""	""	""	""
"LexSense"	"Examples"	"seq"	"positional"	""	""	""	""	""
"LexSense"	"ExtendedNote"	"seq"	"positional"	""	""	""	""	""
"LexSense"	"Pictures"	"seq"	"positional"	""	""	""	""	""
"LexSense"	"Senses"	"seq"	"positional"	""	""	""	""	""
"MoAffixAllomorph"	"Position"	"seq"	"positional"	"refers to an ordered seq of PhEnvironment, encoding the position relative to the stem in which this allomorph goes (for example, before the stem, after the stem, orbetween the first two consonants of the stem). Note that it would not be possible to simplify the model by eliminating this attr, and letting the position of infixation be determined by the phonological environment of the allomorph(s). An alternative to having this attr on MoAffixAllomorph would be to add a subclass of this class for infixes (as well as suprafixes and other sorts of affixes that must appear in a particular position, other than before or after the stem). This new subclass would then have the extra attribute for position. The attr is a seq (as opposed to atomic) to account for affixes whose position relative to the stem is determined by the phonology of the stem. For example, in Tagalog the in affix occurs after the first consonant of a C-initial stem, or (prefixed) before a vowel-initial stem. The alternative is to require the user to treat such an affix as having two allomorphs, one a prefix and one an infix; but this would seem to be an unnecessary burden for the user.) The attr is an ordered seq (as opposed to a collection) in order to allow disjunctive ordering. Taking the example given above, disjunctive ordering would require the following environments, stored in an ordered seq: #C__, #__ Nondisjunctive ordering would require the following environments (which could be stored in a collection): #C__, #__V Using an ordered seq does not force the parser/ generator to use the ordering, but allows for parsers which do use the order (such as Hermit Crab)."	"ordered seq position before after first order ordering following"	"liblcm/MasterLCModel.xml"	"line 3019, <rel id=""Position""> under <class id=""MoAffixAllomorph"">"	"sha256:a6b5fd05daabe46080f1a94429b68dcb139bd9b0bcd364d07089d6d27023d277"
"MoAffixProcess"	"Input"	"seq"	"positional"	"Owns an ordered seq of PhContextOrVar, describing the form of the stem to which the affix attaches. The left-to-right order of the PhContextOrVars in this attribute corresponds to the order of the portions of the input word which match. The system should check for this, and warn the user.) Given that PhContextOrVar can itself own an PhSequenceContext, the use of a seq attribute here may seem like overkill. Perhaps this numbering can be done differently, in which case the Input attribute won't need to be seq."	"ordered seq left-to-right order"	"liblcm/MasterLCModel.xml"	"line 3060, <owning id=""Input""> under <class id=""MoAffixProcess"">"	"sha256:07ee784a338591af28d31179cb54405ed96828cbf3629f0998432b3b5b64caf0"
"MoAffixProcess"	"Output"	"seq"	"positional"	"Owns an ordered seq of MoRuleMapping, describing the form output by attachment of this affix. The left-to-right order of the MoRuleMapping objects in this attribute corresponds to the order of the pieces of the output word which will be constructed by the rule."	"ordered seq left-to-right order"	"liblcm/MasterLCModel.xml"	"line 3066, <owning id=""Output""> under <class id=""MoAffixProcess"">"	"sha256:467bee9c0f80531aae9e68d8f2d13bc20593e007ba7bba4baff919015ae96fb6"
"MoAlloAdhocProhib"	"Allomorphs"	"seq"	"positional"	"refers to a seq of MoForm objects, the co-occurrence of which is ungrammatical. When the Adjacency attribute is 'Anywhere', the fact that this attribute is a seq, rather than a collection, is unimportant. But the order of allomorphs becomes important when the Adjacency attribute has any other value. Specifically, the order of the allomorphs in this attribute is interpreted as a left-to-right order."	"seq order left-to-right"	"liblcm/MasterLCModel.xml"	"line 4548, <rel id=""Allomorphs""> under <class id=""MoAlloAdhocProhib"">"	"sha256:3096d2a165e78453b51e1632d00a7b5825be0793c7abcbf6c89c74af9b799b71"
"MoAlloAdhocProhib"	"RestOfAllos"	"seq"	"positional"	""	""	""	""	""
"MoGlossItem"	"GlossItems"	"seq"	"positional"	""	""	""	""	""
"MoInflAffixTemplate"	"EncliticSlots"	"seq"	"positional"	"Refers to an ordered seq of MoInflAffixSlot, i.e. those slots which correspond to enclitics. The order is from the innermost enclitic out, i.e. left-to-right. The reason for this attribute (and for the ProcliticSlots property) is that the Slots attribute is a derivation order, i.e. the order in which the enclitics are applied during a derivation."	"ordered seq order innermost left-to-right applied"	"liblcm/MasterLCModel.xml"	"line 3413, <rel id=""EncliticSlots""> under <class id=""MoInflAffixTemplate"">"	"sha256:dfdecaf57c33be61cb4e2ad234a23339d7cd18726222f14b04604ee82fc99a69"
"MoInflAffixTemplate"	"PrefixSlots"	"seq"	"positional"	"refers to an ordered seq of MoInflAffixSlot, i.e. those slots which correspond (roughly) to prefixes. The order is from the innermost affix out, i.e. right-to-left. The reason for this attribute (and for the SuffixSlots attribute, below) is that the Slots attribute is a derivation order, i.e. the order in which the affixes are applied during a derivation; while the partition into prefix and suffix slots is for purposes of display, and to support the stealth-to-wealth concept (see discussion above, under slots). An example of such a language is Huave (Matthews 1972b), for which some slots contain both prefixes and suffixes; see also Stump's (1992) discussion of ""ambifixal position classes."""	"ordered seq order innermost right-to-left applied position"	"liblcm/MasterLCModel.xml"	"line 3378, <rel id=""PrefixSlots""> under <class id=""MoInflAffixTemplate"">"	"sha256:29ca927bbd11e614320a9986f08cee568f05651fd23e45e384cf52f028ff9256"
"MoInflAffixTemplate"	"ProcliticSlots"	"seq"	"positional"	"Refers to an ordered seq of MoInflAffixSlot, i.e. those slots which correspond to proclitics. The order is from the innermost proclitic out, i.e. right-to-left. The reason for this attribute (and for the EncliticSlots property) is that the Slots attribute is a derivation order, i.e. the order in which the proclitics are applied during a derivation."	"ordered seq order innermost right-to-left applied"	"liblcm/MasterLCModel.xml"	"line 3407, <rel id=""ProcliticSlots""> under <class id=""MoInflAffixTemplate"">"	"sha256:a3870930d83a767dbf2db26c46e4f824b3490cba8291fd4b7efd5b17384dca21"
"MoInflAffixTemplate"	"Slots"	"seq"	"positional"	"refers to an ordered seq of MoInflAffixSlot; during the course of a derivation, each Affix Slot is applied in sequence, beginning with the top-most slot. While in many (most?) languages the order of attachment of Inflectional affixes is irrelevant, it may occasionally be necessary to specify a derivational order to account for allomorphy. Since the left-to-right order is likely to be discovered earlier than the derivation order, it will probably be necessary to provide a default derivation order which can be computed from the order in the PrefixSlots and SuffixSlots attributes (below). Existing front-ends to AMPLE (such as CarlaMen) do something similar by allowing the user to choose to apply all prefixes before all suffixes, or vice versa, and something similar will probably suffice as a default here."	"ordered seq applied sequence order left-to-right apply before"	"liblcm/MasterLCModel.xml"	"line 3353, <rel id=""Slots""> under <class id=""MoInflAffixTemplate"">"	"sha256:b1daf1fc0f8373928404d3587cfb5e23a6982579c4bf6b841bb0bd231163b1dd"
"MoInflAffixTemplate"	"SuffixSlots"	"seq"	"positional"	"refers to an ordered seq of MoInflAffixSlot, i.e. those slots which correspond (roughly) to suffixes. The order is from the innermost affix out, i.e. left-to-right."	"ordered seq order innermost left-to-right"	"liblcm/MasterLCModel.xml"	"line 3388, <rel id=""SuffixSlots""> under <class id=""MoInflAffixTemplate"">"	"sha256:988470e1f727f93eb31e0d839ebceeac29ec032509d6c25be6b2046e503dd600"
"MoInflClass"	"RulesOfReferral"	"seq"	"positional"	"owns a sequence of MoReferralRule."	"sequence"	"liblcm/MasterLCModel.xml"	"line 3489, <owning id=""RulesOfReferral""> under <class id=""MoInflClass"">"	"sha256:8c3bd6446d7426617200e1e5c7bed7dd9c945e4910e471c9e69607f62be7674f"
"MoInsertPhones"	"Content"	"seq"	"positional"	"refers to an ordered seq of PhPhonemes and/or PhBdryMarkers (thus the signature is the superclass PhTerminalUnit)."	"ordered seq"	"liblcm/MasterLCModel.xml"	"line 4007, <rel id=""Content""> under <class id=""MoInsertPhones"">"	"sha256:f764e080839c9c1aba0bad985428b28e2a492e49d576598e0bfcfe0a2addd530"
"MoMorphAdhocProhib"	"Morphemes"	"seq"	"positional"	"refers to a collection seq of MoMorphoSyntaxAnalysis objects, the co-occurrence of which is ungrammatical."	"seq"	"liblcm/MasterLCModel.xml"	"line 4569, <rel id=""Morphemes""> under <class id=""MoMorphAdhocProhib"">"	"sha256:ee451f214b322161d039427967a7ad5ffa972b0e98bc94ee75d3c83b7b00edbd"
"MoMorphAdhocProhib"	"RestOfMorphs"	"seq"	"positional"	""	""	""	""	""
"MoMorphData"	"CompoundRules"	"seq"	"positional"	"owns a seq of MoCompoundRules. (Alternatively, these could be owned in the stratum to which they belong - see MoStratum.vCompoundRules for discussion.) The order corresponds to the order in which the compounding rules apply in a derivation."	"seq order apply"	"liblcm/MasterLCModel.xml"	"line 3520, <owning id=""CompoundRules""> under <class id=""MoMorphData"">"	"sha256:b6e1ab53328c49a7a040f9c9f41d65874665b1505eecc6a42c445d6a9da935f5"
"MoMorphData"	"Strata"	"seq"	"positional"	"owns a col of MoStratum objects, in order from shallowest to deepest."	"order shallowest deepest"	"liblcm/MasterLCModel.xml"	"line 3515, <owning id=""Strata""> under <class id=""MoMorphData"">"	"sha256:bcb687b4872b8b8ee407f3c203570ea401ca389ac4690f1bf94c95f5ca917698"
"MoMorphSynAnalysis"	"Components"	"seq"	"positional"	"points to an ordered seq of other MoMorphoSyntaxAnalysis objects, which are interpreted as the morphemes or stems that make up this object. I have defined this as an ordered seq on the assumption that the order of the components will match the left-to-right order of the morphemes. This is not unproblematic: some morphemes may be unanalyzed, and some morphemes may not appear in a strict left-to-right order (e.g. infixes). The former problem could be fixed by the use of placeholder (uninstantiated) Msas; the latter could be fixed either by defining a canonical order, or by using derivational order instead."	"ordered seq order left-to-right"	"liblcm/MasterLCModel.xml"	"line 3578, <rel id=""Components""> under <class id=""MoMorphSynAnalysis"">"	"sha256:506a920f99c71518609e76c0c998991b5d891563ee63776b3bb8e542e6e38218"
"MoMorphSynAnalysis"	"GlossBundle"	"seq"	"positional"	"The functional gloss for this MSA is the ordered bundle of MoGlossItems that it points to. These are ordered as necessary to create the desired gloss string."	"ordered"	"liblcm/MasterLCModel.xml"	"line 3591, <rel id=""GlossBundle""> under <class id=""MoMorphSynAnalysis"">"	"sha256:2f472eb12858ac9802c390b222955615a658a088f36e99febf7ed96f7a8dbfb2"
"PartOfSpeech"	"AffixTemplates"	"seq"	"positional"	"owns an ordered seq of MoInflAffixTemplates, which define how affixation (but not choice of stems) works for this part of speech. The reason this is an ordered sequence attribute, rather than atomic, is to allow the user to capture the fact that the number of slots can be different for different parts of the paradigm (infinitives, for example, or tenses which are partly inflected on the main verb and partly on an auxiliary verb). The order of templates in this attribute is relevant: the first MoInflAffixTemplates whose Region attr is a subset of the inflectional features to be realized on the word, is chosen.Note the assumption here that all the words belonging to a single part of speech have fundamentally the same paradigm (and therefore the same set of affix templates), and that differences are accounted by membership in distinct MoInflectionClasses (Carstairs 1987: 10-11, Carstairs-McCarthy 1998b: 324)."	"ordered seq sequence order first"	"liblcm/MasterLCModel.xml"	"line 3798, <owning id=""AffixTemplates""> under <class id=""PartOfSpeech"">"	"sha256:45f8da5f3176f8e1b84d6c3bff90f87180052cc9ad244bb56af293b17fcba0fd"
"PartOfSpeech"	"RulesOfReferral"	"seq"	"positional"	"owns an ordered seq of MoReferralRule; used for statements like ""the accusative plural of nouns is identical to the nominative plural"" or ""the accusative plural of second declension nouns is identical to the nominative plural'. In Stump's (1993a) notation, the latter case corresponds to indicating a 'CLASS' for the Referral Rule.)I (MM) have defined this as an ordered seq, because in rare cases one referral rule might override another such rule."	"ordered seq"	"liblcm/MasterLCModel.xml"	"line 3782, <owning id=""RulesOfReferral""> under <class id=""PartOfSpeech"">"	"sha256:09443e68b829753360e6148b068c12b24b2be4a0a36fab2457c2cf841338527e"
"PhPhonData"	"Environments"	"seq"	"positional"	""	""	""	""	""
"PhPhonData"	"NaturalClasses"	"seq"	"positional"	""	""	""	""	""
"PhPhonData"	"PhonRules"	"seq"	"feeding"	"These are the ordered sequence of phonological rules. They are given in the order in which they are to be applied."	"ordered sequence order applied"	"liblcm/MasterLCModel.xml"	"line 4496, <owning id=""PhonRules""> under <class id=""PhPhonData"">"	"sha256:8d674438bf3f2c09d230c7d8561e91b19d8e909ef4e2749387c543d01caa011a"
"PhPhonData"	"PhonemeSets"	"seq"	"positional"	""	""	""	""	""
"PhRegularRule"	"RightHandSides"	"seq"	"positional"	""	""	""	""	""
"PhSegRuleRHS"	"LeftContext"	"atomic"	"index-as-identity"	""	""	""	""	""
"PhSegRuleRHS"	"RightContext"	"atomic"	"index-as-identity"	""	""	""	""	""
"PhSegRuleRHS"	"StrucChange"	"seq"	"index-as-identity"	""	""	""	""	""
"PhSegmentRule"	"StrucDesc"	"seq"	"positional"	"Each ordered PhSimpleContext corresponds to a number (the index) that can be referred to in the structural change attribute."	"ordered index"	"liblcm/MasterLCModel.xml"	"line 5076, <owning id=""StrucDesc""> under <class id=""PhSegmentRule"">"	"sha256:ecfe608e7bdd9b5abc1112905bd956b7dc80668d0842fe45ca8e098f710e9c23"
"PhSequenceContext"	"Members"	"seq"	"positional"	"an ordered seq of PhPhonologicalContext (but not normally another PhSequenceContext)"	"ordered seq"	"liblcm/MasterLCModel.xml"	"line 4251, <rel id=""Members""> under <class id=""PhSequenceContext"">"	"sha256:704a6dcbbf2ea280952f489648db964957b22f7bec7caa29c188df67c0925204"
"PhSimpleContextNC"	"MinusConstr"	"seq"	"positional"	"refers to a collection seq of PhFeatureConstraints; see discussion under the plusConstraints attr."	"seq"	"liblcm/MasterLCModel.xml"	"line 4281, <rel id=""MinusConstr""> under <class id=""PhSimpleContextNC"">"	"sha256:93376aa9e8f8b78ed94bc863cb4d090d9d9c3754dc535579665206acf25ecc3d"
"PhSimpleContextNC"	"PlusConstr"	"seq"	"positional"	"Refers to a collection seq of PhFeatureConstraint. If one of the constraints is in the environment and one in the output of the rule, then the effect is that of a rule of assimilation: in the form output by the rule, the phoneme affected by the rule will have the same value as the value on the phoneme matched by the environment.This attribute is not intended to be implemented immediately, but is included here for completeness (since it is apparently difficult to add new attributes once a COM interface has been defined).Note that although this attr is defined as a collection seq (not an ordered seq), the order is assumed to be stable. On the other hand, the use of a seq attr here may be overkill; from a linguistic standpoint, a single constraint (plus or minus) might be adequate."	"seq ordered order"	"liblcm/MasterLCModel.xml"	"line 4275, <rel id=""PlusConstr""> under <class id=""PhSimpleContextNC"">"	"sha256:fa16557e6e703c2dad15ab0ede0bb093adb87509b7a646fda894af7d74e5f315"
"PhTerminalUnit"	"Codes"	"seq"	"positional"	"a collection of PhCodes (which amounts to a seq of strings), each in a single encoding (but not perhaps all in the same encoding)."	"seq"	"liblcm/MasterLCModel.xml"	"line 4337, <owning id=""Codes""> under <class id=""PhTerminalUnit"">"	"sha256:fb1c2345782abf03f4b7fa3e7a58d45efc6aa05e7f3c44a5ad68d52938776133"
"ReversalIndexEntry"	"Senses"	"seq"	"positional"	""	""	""	""	""
"ReversalIndexEntry"	"Subentries"	"seq"	"positional"	""	""	""	""	""
"StText"	"Paragraphs"	"seq"	"positional"	""	""	""	""	""
"WfiAnalysis"	"CompoundRuleApps"	"seq"	"positional"	"Allows Morph Sketch Generator to extract example wordforms where a compound rule applied."	"applied"	"liblcm/MasterLCModel.xml"	"line 3928, <rel id=""CompoundRuleApps""> under <class id=""WfiAnalysis"">"	"sha256:f57a8519db5af8eeab8cb0a8826e5991eafaa96b30f55f1fc4f5c8edd4e6face"
"WfiAnalysis"	"InflTemplateApps"	"seq"	"positional"	""	""	""	""	""
"WfiAnalysis"	"MorphBundles"	"seq"	"positional"	""	""	""	""	""
